Kommun,Filnamn,Direktlank (Wikimedia Commons)
Ale,Ale kommunvapen - Riksarkivet Sverige.png,https://upload.wikimedia.org/wikipedia/commons/f/fc/Ale_kommunvapen_-_Riksarkivet_Sverige.png
Alingsås,Alingsås kommunvapen - Riksarkivet Sverige.png,https://upload.wikimedia.org/wikipedia/commons/0/03/Alingsås_kommunvapen_-_Riksarkivet_Sverige.png
Alvesta,Alvesta kommunvapen - Riksarkivet Sverige.png,https://upload.wikimedia.org/wikipedia/commons/a/a8/Alvesta_kommunvapen_-_Riksarkivet_Sverige.png
Aneby,Aneby kommunvapen - Riksarkivet Sverige.png,https://upload.wikimedia.org/wikipedia/commons/0/07/Aneby_kommunvapen_-_Riksarkivet_Sverige.png
Arboga,Arboga kommunvapen - Riksarkivet Sverige.png,https://upload.wikimedia.org/wikipedia/commons/e/e6/Arboga_kommunvapen_-_Riksarkivet_Sverige.png
Arjeplog,Arjeplog kommunvapen - Riksarkivet Sverige.png,https://upload.wikimedia.org/wikipedia/commons/b/b9/Arjeplog_kommunvapen_-_Riksarkivet_Sverige.png
Arvidsjaur,Arvidsjaur kommunvapen - Riksarkivet Sverige.png,https://upload.wikimedia.org/wikipedia/commons/b/ba/Arvidsjaur_kommunvapen_-_Riksarkivet_Sverige.png
Arvika,Arvika kommunvapen - Riksarkivet Sverige.png,https://upload.wikimedia.org/wikipedia/commons/5/55/Arvika_kommunvapen_-_Riksarkivet_Sverige.png
Askersund,Askersund kommunvapen - Riksarkivet Sverige.png,https://upload.wikimedia.org/wikipedia/commons/f/f2/Askersund_kommunvapen_-_Riksarkivet_Sverige.png
Avesta,Avesta kommunvapen - Riksarkivet Sverige.png,https://upload.wikimedia.org/wikipedia/commons/c/cc/Avesta_kommunvapen_-_Riksarkivet_Sverige.png
Bengtsfors,Bengtsfors kommunvapen - Riksarkivet Sverige.png,https://upload.wikimedia.org/wikipedia/commons/9/91/Bengtsfors_kommunvapen_-_Riksarkivet_Sverige.png
Berg,Berg kommunvapen - Riksarkivet Sverige.png,https://upload.wikimedia.org/wikipedia/commons/7/71/Berg_kommunvapen_-_Riksarkivet_Sverige.png
Bjurholm,Bjurholm kommunvapen - Riksarkivet Sverige.png,https://upload.wikimedia.org/wikipedia/commons/d/d7/Bjurholm_kommunvapen_-_Riksarkivet_Sverige.png
Bjuv,Bjuv kommunvapen - Riksarkivet Sverige.png,https://upload.wikimedia.org/wikipedia/commons/e/e1/Bjuv_kommunvapen_-_Riksarkivet_Sverige.png
Boden,Boden kommunvapen - Riksarkivet Sverige.png,https://upload.wikimedia.org/wikipedia/commons/5/57/Boden_kommunvapen_-_Riksarkivet_Sverige.png
Bollebygd,Bollebygd kommunvapen - Riksarkivet Sverige.png,https://upload.wikimedia.org/wikipedia/commons/e/e7/Bollebygd_kommunvapen_-_Riksarkivet_Sverige.png
Bollnäs,Bollnäs kommunvapen - Riksarkivet Sverige.png,https://upload.wikimedia.org/wikipedia/commons/c/c6/Bollnäs_kommunvapen_-_Riksarkivet_Sverige.png
Borgholm,Borgholm kommunvapen - Riksarkivet Sverige.png,https://upload.wikimedia.org/wikipedia/commons/0/00/Borgholm_kommunvapen_-_Riksarkivet_Sverige.png
Borlänge,Borlänge kommunvapen - Riksarkivet Sverige.png,https://upload.wikimedia.org/wikipedia/commons/d/d4/Borlänge_kommunvapen_-_Riksarkivet_Sverige.png
Borås,Borås kommunvapen - Riksarkivet Sverige.png,https://upload.wikimedia.org/wikipedia/commons/d/dd/Borås_kommunvapen_-_Riksarkivet_Sverige.png
Botkyrka,Botkyrka kommunvapen - Riksarkivet Sverige.png,https://upload.wikimedia.org/wikipedia/commons/0/0a/Botkyrka_kommunvapen_-_Riksarkivet_Sverige.png
Boxholm,Boxholm kommunvapen - Riksarkivet Sverige.png,https://upload.wikimedia.org/wikipedia/commons/5/5c/Boxholm_kommunvapen_-_Riksarkivet_Sverige.png
Bromölla,Bromölla kommunvapen - Riksarkivet Sverige.png,https://upload.wikimedia.org/wikipedia/commons/7/7b/Bromölla_kommunvapen_-_Riksarkivet_Sverige.png
Bräcke,Bräcke kommunvapen - Riksarkivet Sverige.png,https://upload.wikimedia.org/wikipedia/commons/1/10/Bräcke_kommunvapen_-_Riksarkivet_Sverige.png
Burlöv,Burlöv kommunvapen - Riksarkivet Sverige.png,https://upload.wikimedia.org/wikipedia/commons/0/0e/Burlöv_kommunvapen_-_Riksarkivet_Sverige.png
Båstad,Båstad kommunvapen - Riksarkivet Sverige.png,https://upload.wikimedia.org/wikipedia/commons/8/8e/Båstad_kommunvapen_-_Riksarkivet_Sverige.png
Dals-Ed,Dals-Ed kommunvapen - Riksarkivet Sverige.png,https://upload.wikimedia.org/wikipedia/commons/e/e9/Dals-Ed_kommunvapen_-_Riksarkivet_Sverige.png
Danderyd,Danderyd kommunvapen - Riksarkivet Sverige.png,https://upload.wikimedia.org/wikipedia/commons/4/48/Danderyd_kommunvapen_-_Riksarkivet_Sverige.png
Degerfors,Degerfors kommunvapen - Riksarkivet Sverige.png,https://upload.wikimedia.org/wikipedia/commons/6/65/Degerfors_kommunvapen_-_Riksarkivet_Sverige.png
Dorotea,Dorotea kommunvapen - Riksarkivet Sverige.png,https://upload.wikimedia.org/wikipedia/commons/c/c4/Dorotea_kommunvapen_-_Riksarkivet_Sverige.png
Eda,Eda kommunvapen - Riksarkivet Sverige.png,https://upload.wikimedia.org/wikipedia/commons/f/fc/Eda_kommunvapen_-_Riksarkivet_Sverige.png
Ekerö,Ekerö kommunvapen - Riksarkivet Sverige.png,https://upload.wikimedia.org/wikipedia/commons/f/f0/Ekerö_kommunvapen_-_Riksarkivet_Sverige.png
Eksjö,Eksjö kommunvapen - Riksarkivet Sverige.png,https://upload.wikimedia.org/wikipedia/commons/2/2a/Eksjö_kommunvapen_-_Riksarkivet_Sverige.png
Emmaboda,Emmaboda kommunvapen - Riksarkivet Sverige.png,https://upload.wikimedia.org/wikipedia/commons/c/cd/Emmaboda_kommunvapen_-_Riksarkivet_Sverige.png
Enköping,Enköping kommunvapen - Riksarkivet Sverige.png,https://upload.wikimedia.org/wikipedia/commons/3/33/Enköping_kommunvapen_-_Riksarkivet_Sverige.png
Eskilstuna,Eskilstuna kommunvapen - Riksarkivet Sverige.png,https://upload.wikimedia.org/wikipedia/commons/5/53/Eskilstuna_kommunvapen_-_Riksarkivet_Sverige.png
Eslöv,Eslöv kommunvapen - Riksarkivet Sverige.png,https://upload.wikimedia.org/wikipedia/commons/9/92/Eslöv_kommunvapen_-_Riksarkivet_Sverige.png
Essunga,Essunga kommunvapen - Riksarkivet Sverige.png,https://upload.wikimedia.org/wikipedia/commons/d/da/Essunga_kommunvapen_-_Riksarkivet_Sverige.png
Fagersta,Fagersta kommunvapen - Riksarkivet Sverige.png,https://upload.wikimedia.org/wikipedia/commons/1/1b/Fagersta_kommunvapen_-_Riksarkivet_Sverige.png
Falkenberg,Falkenberg kommunvapen - Riksarkivet Sverige.png,https://upload.wikimedia.org/wikipedia/commons/8/85/Falkenberg_kommunvapen_-_Riksarkivet_Sverige.png
Falköping,Falköping kommunvapen - Riksarkivet Sverige.png,https://upload.wikimedia.org/wikipedia/commons/0/0b/Falköping_kommunvapen_-_Riksarkivet_Sverige.png
Falun,Falun kommunvapen - Riksarkivet Sverige.png,https://upload.wikimedia.org/wikipedia/commons/0/04/Falun_kommunvapen_-_Riksarkivet_Sverige.png
Filipstad,Filipstad kommunvapen - Riksarkivet Sverige.png,https://upload.wikimedia.org/wikipedia/commons/6/6f/Filipstad_kommunvapen_-_Riksarkivet_Sverige.png
Finspång,Finspång kommunvapen - Riksarkivet Sverige.png,https://upload.wikimedia.org/wikipedia/commons/4/48/Finspång_kommunvapen_-_Riksarkivet_Sverige.png
Flen,Flen kommunvapen - Riksarkivet Sverige.png,https://upload.wikimedia.org/wikipedia/commons/f/fb/Flen_kommunvapen_-_Riksarkivet_Sverige.png
Forshaga,Forshaga kommunvapen - Riksarkivet Sverige.png,https://upload.wikimedia.org/wikipedia/commons/d/d1/Forshaga_kommunvapen_-_Riksarkivet_Sverige.png
Färgelanda,Färgelanda kommunvapen - Riksarkivet Sverige.png,https://upload.wikimedia.org/wikipedia/commons/f/fe/Färgelanda_kommunvapen_-_Riksarkivet_Sverige.png
Gagnef,Gagnef kommunvapen - Riksarkivet Sverige.png,https://upload.wikimedia.org/wikipedia/commons/2/2b/Gagnef_kommunvapen_-_Riksarkivet_Sverige.png
Gislaved,Gislaved kommunvapen - Riksarkivet Sverige.png,https://upload.wikimedia.org/wikipedia/commons/9/92/Gislaved_kommunvapen_-_Riksarkivet_Sverige.png
Gnesta,Gnesta kommunvapen - Riksarkivet Sverige.png,https://upload.wikimedia.org/wikipedia/commons/a/ab/Gnesta_kommunvapen_-_Riksarkivet_Sverige.png
Gnosjö,Gnosjö kommunvapen - Riksarkivet Sverige.png,https://upload.wikimedia.org/wikipedia/commons/9/9f/Gnosjö_kommunvapen_-_Riksarkivet_Sverige.png
Gotland,Gotland kommunvapen - Riksarkivet Sverige.png,https://upload.wikimedia.org/wikipedia/commons/7/74/Gotland_kommunvapen_-_Riksarkivet_Sverige.png
Grums,Grums kommunvapen - Riksarkivet Sverige.png,https://upload.wikimedia.org/wikipedia/commons/1/19/Grums_kommunvapen_-_Riksarkivet_Sverige.png
Grästorp,Grästorp kommunvapen - Riksarkivet Sverige.png,https://upload.wikimedia.org/wikipedia/commons/8/8a/Grästorp_kommunvapen_-_Riksarkivet_Sverige.png
Gullspång,Gullspång kommunvapen - Riksarkivet Sverige.png,https://upload.wikimedia.org/wikipedia/commons/0/06/Gullspång_kommunvapen_-_Riksarkivet_Sverige.png
Gällivare,Gällivare kommunvapen - Riksarkivet Sverige.png,https://upload.wikimedia.org/wikipedia/commons/c/c4/Gällivare_kommunvapen_-_Riksarkivet_Sverige.png
Gävle,Gävle kommunvapen - Riksarkivet Sverige.png,https://upload.wikimedia.org/wikipedia/commons/9/94/Gävle_kommunvapen_-_Riksarkivet_Sverige.png
Göteborg,Göteborg kommunvapen - Riksarkivet Sverige.png,https://upload.wikimedia.org/wikipedia/commons/9/97/Göteborg_kommunvapen_-_Riksarkivet_Sverige.png
Götene,Götene kommunvapen - Riksarkivet Sverige.png,https://upload.wikimedia.org/wikipedia/commons/b/bf/Götene_kommunvapen_-_Riksarkivet_Sverige.png
Habo,Habo kommunvapen - Riksarkivet Sverige.png,https://upload.wikimedia.org/wikipedia/commons/4/4d/Habo_kommunvapen_-_Riksarkivet_Sverige.png
Hagfors,Hagfors kommunvapen - Riksarkivet Sverige.png,https://upload.wikimedia.org/wikipedia/commons/a/a3/Hagfors_kommunvapen_-_Riksarkivet_Sverige.png
Hallsberg,Hallsberg kommunvapen - Riksarkivet Sverige.png,https://upload.wikimedia.org/wikipedia/commons/e/e4/Hallsberg_kommunvapen_-_Riksarkivet_Sverige.png
Hallstahammar,Hallstahammar kommunvapen - Riksarkivet Sverige.png,https://upload.wikimedia.org/wikipedia/commons/4/40/Hallstahammar_kommunvapen_-_Riksarkivet_Sverige.png
Halmstad,Halmstad kommunvapen - Riksarkivet Sverige.png,https://upload.wikimedia.org/wikipedia/commons/9/96/Halmstad_kommunvapen_-_Riksarkivet_Sverige.png
Hammarö,Hammarö kommunvapen - Riksarkivet Sverige.png,https://upload.wikimedia.org/wikipedia/commons/2/29/Hammarö_kommunvapen_-_Riksarkivet_Sverige.png
Haninge,Haninge kommunvapen - Riksarkivet Sverige.png,https://upload.wikimedia.org/wikipedia/commons/8/83/Haninge_kommunvapen_-_Riksarkivet_Sverige.png
Haparanda,Haparanda kommunvapen - Riksarkivet Sverige.png,https://upload.wikimedia.org/wikipedia/commons/8/87/Haparanda_kommunvapen_-_Riksarkivet_Sverige.png
Heby,Heby kommunvapen - Riksarkivet Sverige.png,https://upload.wikimedia.org/wikipedia/commons/0/0d/Heby_kommunvapen_-_Riksarkivet_Sverige.png
Hedemora,Hedemora kommunvapen - Riksarkivet Sverige.png,https://upload.wikimedia.org/wikipedia/commons/5/58/Hedemora_kommunvapen_-_Riksarkivet_Sverige.png
Helsingborg,Helsingborg kommunvapen - Riksarkivet Sverige.png,https://upload.wikimedia.org/wikipedia/commons/1/1b/Helsingborg_kommunvapen_-_Riksarkivet_Sverige.png
Herrljunga,Herrljunga kommunvapen - Riksarkivet Sverige.png,https://upload.wikimedia.org/wikipedia/commons/d/d1/Herrljunga_kommunvapen_-_Riksarkivet_Sverige.png
Hjo,Hjo kommunvapen - Riksarkivet Sverige.png,https://upload.wikimedia.org/wikipedia/commons/d/dc/Hjo_kommunvapen_-_Riksarkivet_Sverige.png
Hofors,Hofors kommunvapen - Riksarkivet Sverige.png,https://upload.wikimedia.org/wikipedia/commons/2/20/Hofors_kommunvapen_-_Riksarkivet_Sverige.png
Huddinge,Huddinge kommunvapen - Riksarkivet Sverige.png,https://upload.wikimedia.org/wikipedia/commons/e/e6/Huddinge_kommunvapen_-_Riksarkivet_Sverige.png
Hudiksvall,Hudiksvall kommunvapen - Riksarkivet Sverige.png,https://upload.wikimedia.org/wikipedia/commons/8/84/Hudiksvall_kommunvapen_-_Riksarkivet_Sverige.png
Hultsfred,Hultsfred kommunvapen - Riksarkivet Sverige.png,https://upload.wikimedia.org/wikipedia/commons/7/7f/Hultsfred_kommunvapen_-_Riksarkivet_Sverige.png
Hylte,Hylte kommunvapen - Riksarkivet Sverige.png,https://upload.wikimedia.org/wikipedia/commons/e/e4/Hylte_kommunvapen_-_Riksarkivet_Sverige.png
Hällefors,Hällefors kommunvapen - Riksarkivet Sverige.png,https://upload.wikimedia.org/wikipedia/commons/6/6e/Hällefors_kommunvapen_-_Riksarkivet_Sverige.png
Härjedalen,Härjedalen kommunvapen - Riksarkivet Sverige.png,https://upload.wikimedia.org/wikipedia/commons/f/f9/Härjedalen_kommunvapen_-_Riksarkivet_Sverige.png
Härnösand,Härnösand kommunvapen - Riksarkivet Sverige.png,https://upload.wikimedia.org/wikipedia/commons/3/3e/Härnösand_kommunvapen_-_Riksarkivet_Sverige.png
Härryda,Härryda kommunvapen - Riksarkivet Sverige.png,https://upload.wikimedia.org/wikipedia/commons/5/57/Härryda_kommunvapen_-_Riksarkivet_Sverige.png
Hässleholm,Hässleholm kommunvapen - Riksarkivet Sverige.png,https://upload.wikimedia.org/wikipedia/commons/c/c7/Hässleholm_kommunvapen_-_Riksarkivet_Sverige.png
Håbo,Håbo kommunvapen - Riksarkivet Sverige.png,https://upload.wikimedia.org/wikipedia/commons/7/70/Håbo_kommunvapen_-_Riksarkivet_Sverige.png
Höganäs,Höganäs kommunvapen - Riksarkivet Sverige.png,https://upload.wikimedia.org/wikipedia/commons/5/5b/Höganäs_kommunvapen_-_Riksarkivet_Sverige.png
Högsby,Högsby kommunvapen - Riksarkivet Sverige.png,https://upload.wikimedia.org/wikipedia/commons/f/f1/Högsby_kommunvapen_-_Riksarkivet_Sverige.png
Hörby,Hörby kommunvapen - Riksarkivet Sverige.png,https://upload.wikimedia.org/wikipedia/commons/3/38/Hörby_kommunvapen_-_Riksarkivet_Sverige.png
Höör,Höör kommunvapen - Riksarkivet Sverige.png,https://upload.wikimedia.org/wikipedia/commons/2/28/Höör_kommunvapen_-_Riksarkivet_Sverige.png
Jokkmokk,Jokkmokk kommunvapen - Riksarkivet Sverige.png,https://upload.wikimedia.org/wikipedia/commons/7/7e/Jokkmokk_kommunvapen_-_Riksarkivet_Sverige.png
Järfälla,Järfälla kommunvapen - Riksarkivet Sverige.png,https://upload.wikimedia.org/wikipedia/commons/3/3a/Järfälla_kommunvapen_-_Riksarkivet_Sverige.png
Jönköping,Jönköping kommunvapen - Riksarkivet Sverige.png,https://upload.wikimedia.org/wikipedia/commons/b/ba/Jönköping_kommunvapen_-_Riksarkivet_Sverige.png
Kalix,Kalix kommunvapen - Riksarkivet Sverige.png,https://upload.wikimedia.org/wikipedia/commons/a/a5/Kalix_kommunvapen_-_Riksarkivet_Sverige.png
Kalmar,Kalmar kommunvapen - Riksarkivet Sverige.png,https://upload.wikimedia.org/wikipedia/commons/b/b3/Kalmar_kommunvapen_-_Riksarkivet_Sverige.png
Karlsborg,Karlsborg kommunvapen - Riksarkivet Sverige.png,https://upload.wikimedia.org/wikipedia/commons/8/80/Karlsborg_kommunvapen_-_Riksarkivet_Sverige.png
Karlshamn,Karlshamn kommunvapen - Riksarkivet Sverige.png,https://upload.wikimedia.org/wikipedia/commons/e/e1/Karlshamn_kommunvapen_-_Riksarkivet_Sverige.png
Karlskoga,Karlskoga kommunvapen - Riksarkivet Sverige.png,https://upload.wikimedia.org/wikipedia/commons/b/b2/Karlskoga_kommunvapen_-_Riksarkivet_Sverige.png
Karlskrona,Karlskrona kommunvapen - Riksarkivet Sverige.png,https://upload.wikimedia.org/wikipedia/commons/0/06/Karlskrona_kommunvapen_-_Riksarkivet_Sverige.png
Karlstad,Karlstad kommunvapen - Riksarkivet Sverige.png,https://upload.wikimedia.org/wikipedia/commons/1/1c/Karlstad_kommunvapen_-_Riksarkivet_Sverige.png
Katrineholm,Katrineholm kommunvapen - Riksarkivet Sverige.png,https://upload.wikimedia.org/wikipedia/commons/5/56/Katrineholm_kommunvapen_-_Riksarkivet_Sverige.png
Kil,Kil kommunvapen - Riksarkivet Sverige.png,https://upload.wikimedia.org/wikipedia/commons/0/0c/Kil_kommunvapen_-_Riksarkivet_Sverige.png
Kinda,Kinda kommunvapen - Riksarkivet Sverige.png,https://upload.wikimedia.org/wikipedia/commons/a/aa/Kinda_kommunvapen_-_Riksarkivet_Sverige.png
Kiruna,Kiruna kommunvapen - Riksarkivet Sverige.png,https://upload.wikimedia.org/wikipedia/commons/5/5a/Kiruna_kommunvapen_-_Riksarkivet_Sverige.png
Klippan,Klippan kommunvapen - Riksarkivet Sverige.png,https://upload.wikimedia.org/wikipedia/commons/f/f7/Klippan_kommunvapen_-_Riksarkivet_Sverige.png
Knivsta,Knivsta kommunvapen - Riksarkivet Sverige.png,https://upload.wikimedia.org/wikipedia/commons/5/58/Knivsta_kommunvapen_-_Riksarkivet_Sverige.png
Kramfors,Kramfors kommunvapen - Riksarkivet Sverige.png,https://upload.wikimedia.org/wikipedia/commons/e/e4/Kramfors_kommunvapen_-_Riksarkivet_Sverige.png
Kristianstad,Kristianstad kommunvapen - Riksarkivet Sverige.png,https://upload.wikimedia.org/wikipedia/commons/4/4c/Kristianstad_kommunvapen_-_Riksarkivet_Sverige.png
Kristinehamn,Kristinehamn kommunvapen - Riksarkivet Sverige.png,https://upload.wikimedia.org/wikipedia/commons/4/46/Kristinehamn_kommunvapen_-_Riksarkivet_Sverige.png
Krokom,Krokom kommunvapen - Riksarkivet Sverige.png,https://upload.wikimedia.org/wikipedia/commons/1/16/Krokom_kommunvapen_-_Riksarkivet_Sverige.png
Kumla,Kumla kommunvapen - Riksarkivet Sverige.png,https://upload.wikimedia.org/wikipedia/commons/1/1f/Kumla_kommunvapen_-_Riksarkivet_Sverige.png
Kungsbacka,Kungsbacka kommunvapen - Riksarkivet Sverige.png,https://upload.wikimedia.org/wikipedia/commons/6/67/Kungsbacka_kommunvapen_-_Riksarkivet_Sverige.png
Kungsör,Kungsör kommunvapen - Riksarkivet Sverige.png,https://upload.wikimedia.org/wikipedia/commons/3/33/Kungsör_kommunvapen_-_Riksarkivet_Sverige.png
Kungälv,Kungälv kommunvapen - Riksarkivet Sverige.png,https://upload.wikimedia.org/wikipedia/commons/0/08/Kungälv_kommunvapen_-_Riksarkivet_Sverige.png
Kävlinge,Kävlinge kommunvapen - Riksarkivet Sverige.png,https://upload.wikimedia.org/wikipedia/commons/5/5d/Kävlinge_kommunvapen_-_Riksarkivet_Sverige.png
Köping,Köping kommunvapen - Riksarkivet Sverige.png,https://upload.wikimedia.org/wikipedia/commons/f/ff/Köping_kommunvapen_-_Riksarkivet_Sverige.png
Laholm,Laholm kommunvapen - Riksarkivet Sverige.png,https://upload.wikimedia.org/wikipedia/commons/0/07/Laholm_kommunvapen_-_Riksarkivet_Sverige.png
Landskrona,Landskrona kommunvapen - Riksarkivet Sverige.png,https://upload.wikimedia.org/wikipedia/commons/2/2e/Landskrona_kommunvapen_-_Riksarkivet_Sverige.png
Laxå,Laxå kommunvapen - Riksarkivet Sverige.png,https://upload.wikimedia.org/wikipedia/commons/d/d8/Laxå_kommunvapen_-_Riksarkivet_Sverige.png
Lekeberg,Lekeberg kommunvapen - Riksarkivet Sverige.png,https://upload.wikimedia.org/wikipedia/commons/b/bc/Lekeberg_kommunvapen_-_Riksarkivet_Sverige.png
Leksand,Leksand kommunvapen - Riksarkivet Sverige.png,https://upload.wikimedia.org/wikipedia/commons/9/91/Leksand_kommunvapen_-_Riksarkivet_Sverige.png
Lerum,Lerum kommunvapen - Riksarkivet Sverige.png,https://upload.wikimedia.org/wikipedia/commons/7/77/Lerum_kommunvapen_-_Riksarkivet_Sverige.png
Lessebo,Lessebo kommunvapen - Riksarkivet Sverige.png,https://upload.wikimedia.org/wikipedia/commons/2/25/Lessebo_kommunvapen_-_Riksarkivet_Sverige.png
Lidingö,Lidingö kommunvapen - Riksarkivet Sverige.png,https://upload.wikimedia.org/wikipedia/commons/f/fc/Lidingö_kommunvapen_-_Riksarkivet_Sverige.png
Lidköping,Lidköping kommunvapen - Riksarkivet Sverige.png,https://upload.wikimedia.org/wikipedia/commons/1/1c/Lidköping_kommunvapen_-_Riksarkivet_Sverige.png
Lilla Edet,Lilla Edet kommunvapen - Riksarkivet Sverige.png,https://upload.wikimedia.org/wikipedia/commons/a/a9/Lilla_Edet_kommunvapen_-_Riksarkivet_Sverige.png
Lindesberg,Lindesberg kommunvapen - Riksarkivet Sverige.png,https://upload.wikimedia.org/wikipedia/commons/6/62/Lindesberg_kommunvapen_-_Riksarkivet_Sverige.png
Linköping,Linköping kommunvapen - Riksarkivet Sverige.png,https://upload.wikimedia.org/wikipedia/commons/f/f1/Linköping_kommunvapen_-_Riksarkivet_Sverige.png
Ljungby,Ljungby kommunvapen - Riksarkivet Sverige.png,https://upload.wikimedia.org/wikipedia/commons/b/b9/Ljungby_kommunvapen_-_Riksarkivet_Sverige.png
Ljusdal,Ljusdal kommunvapen - Riksarkivet Sverige.png,https://upload.wikimedia.org/wikipedia/commons/b/b1/Ljusdal_kommunvapen_-_Riksarkivet_Sverige.png
Ljusnarsberg,Ljusnarsberg kommunvapen - Riksarkivet Sverige.png,https://upload.wikimedia.org/wikipedia/commons/8/8a/Ljusnarsberg_kommunvapen_-_Riksarkivet_Sverige.png
Lomma,Lomma kommunvapen - Riksarkivet Sverige.png,https://upload.wikimedia.org/wikipedia/commons/a/a5/Lomma_kommunvapen_-_Riksarkivet_Sverige.png
Ludvika,Ludvika kommunvapen - Riksarkivet Sverige.png,https://upload.wikimedia.org/wikipedia/commons/7/7d/Ludvika_kommunvapen_-_Riksarkivet_Sverige.png
Luleå,Luleå kommunvapen - Riksarkivet Sverige.png,https://upload.wikimedia.org/wikipedia/commons/9/94/Luleå_kommunvapen_-_Riksarkivet_Sverige.png
Lund,Lund kommunvapen - Riksarkivet Sverige.png,https://upload.wikimedia.org/wikipedia/commons/c/c7/Lund_kommunvapen_-_Riksarkivet_Sverige.png
Lycksele,Lycksele kommunvapen - Riksarkivet Sverige.png,https://upload.wikimedia.org/wikipedia/commons/d/dd/Lycksele_kommunvapen_-_Riksarkivet_Sverige.png
Lysekil,Lysekil kommunvapen - Riksarkivet Sverige.png,https://upload.wikimedia.org/wikipedia/commons/8/88/Lysekil_kommunvapen_-_Riksarkivet_Sverige.png
Malmö,Malmö kommunvapen - Riksarkivet Sverige.png,https://upload.wikimedia.org/wikipedia/commons/3/3e/Malmö_kommunvapen_-_Riksarkivet_Sverige.png
Malung-Sälen,Malung-Sälen kommunvapen - Riksarkivet Sverige.png,https://upload.wikimedia.org/wikipedia/commons/5/54/Malung-Sälen_kommunvapen_-_Riksarkivet_Sverige.png
Malå,Malå kommunvapen - Riksarkivet Sverige.png,https://upload.wikimedia.org/wikipedia/commons/e/e0/Malå_kommunvapen_-_Riksarkivet_Sverige.png
Mariestad,Mariestad kommunvapen - Riksarkivet Sverige.png,https://upload.wikimedia.org/wikipedia/commons/7/7f/Mariestad_kommunvapen_-_Riksarkivet_Sverige.png
Mark,Mark kommunvapen - Riksarkivet Sverige.png,https://upload.wikimedia.org/wikipedia/commons/c/c3/Mark_kommunvapen_-_Riksarkivet_Sverige.png
Markaryd,Markaryd kommunvapen - Riksarkivet Sverige.png,https://upload.wikimedia.org/wikipedia/commons/9/99/Markaryd_kommunvapen_-_Riksarkivet_Sverige.png
Mellerud,Mellerud kommunvapen - Riksarkivet Sverige.png,https://upload.wikimedia.org/wikipedia/commons/0/0d/Mellerud_kommunvapen_-_Riksarkivet_Sverige.png
Mjölby,Mjölby kommunvapen - Riksarkivet Sverige.png,https://upload.wikimedia.org/wikipedia/commons/a/a2/Mjölby_kommunvapen_-_Riksarkivet_Sverige.png
Mora,Mora kommunvapen - Riksarkivet Sverige.png,https://upload.wikimedia.org/wikipedia/commons/b/b8/Mora_kommunvapen_-_Riksarkivet_Sverige.png
Motala,Motala kommunvapen - Riksarkivet Sverige.png,https://upload.wikimedia.org/wikipedia/commons/2/25/Motala_kommunvapen_-_Riksarkivet_Sverige.png
Mullsjö,Mullsjö kommunvapen - Riksarkivet Sverige.png,https://upload.wikimedia.org/wikipedia/commons/0/0c/Mullsjö_kommunvapen_-_Riksarkivet_Sverige.png
Munkedal,Munkedal kommunvapen - Riksarkivet Sverige.png,https://upload.wikimedia.org/wikipedia/commons/2/2f/Munkedal_kommunvapen_-_Riksarkivet_Sverige.png
Munkfors,Munkfors kommunvapen - Riksarkivet Sverige.png,https://upload.wikimedia.org/wikipedia/commons/e/eb/Munkfors_kommunvapen_-_Riksarkivet_Sverige.png
Mölndal,Mölndal kommunvapen - Riksarkivet Sverige.png,https://upload.wikimedia.org/wikipedia/commons/5/59/Mölndal_kommunvapen_-_Riksarkivet_Sverige.png
Mönsterås,Mönsterås kommunvapen - Riksarkivet Sverige.png,https://upload.wikimedia.org/wikipedia/commons/b/b1/Mönsterås_kommunvapen_-_Riksarkivet_Sverige.png
Mörbylånga,Mörbylånga kommunvapen - Riksarkivet Sverige.png,https://upload.wikimedia.org/wikipedia/commons/e/ee/Mörbylånga_kommunvapen_-_Riksarkivet_Sverige.png
Nacka,Nacka kommunvapen - Riksarkivet Sverige.png,https://upload.wikimedia.org/wikipedia/commons/5/5d/Nacka_kommunvapen_-_Riksarkivet_Sverige.png
Nora,Nora kommunvapen - Riksarkivet Sverige.png,https://upload.wikimedia.org/wikipedia/commons/6/62/Nora_kommunvapen_-_Riksarkivet_Sverige.png
Norberg,Norberg kommunvapen - Riksarkivet Sverige.png,https://upload.wikimedia.org/wikipedia/commons/3/37/Norberg_kommunvapen_-_Riksarkivet_Sverige.png
Nordanstig,Nordanstig kommunvapen - Riksarkivet Sverige.png,https://upload.wikimedia.org/wikipedia/commons/0/01/Nordanstig_kommunvapen_-_Riksarkivet_Sverige.png
Nordmaling,Nordmaling kommunvapen - Riksarkivet Sverige.png,https://upload.wikimedia.org/wikipedia/commons/8/8f/Nordmaling_kommunvapen_-_Riksarkivet_Sverige.png
Norrköping,Norrköping kommunvapen - Riksarkivet Sverige.png,https://upload.wikimedia.org/wikipedia/commons/5/50/Norrköping_kommunvapen_-_Riksarkivet_Sverige.png
Norrtälje,Norrtälje kommunvapen - Riksarkivet Sverige.png,https://upload.wikimedia.org/wikipedia/commons/e/e9/Norrtälje_kommunvapen_-_Riksarkivet_Sverige.png
Norsjö,Norsjö kommunvapen - Riksarkivet Sverige.png,https://upload.wikimedia.org/wikipedia/commons/9/92/Norsjö_kommunvapen_-_Riksarkivet_Sverige.png
Nybro,Nybro kommunvapen - Riksarkivet Sverige.png,https://upload.wikimedia.org/wikipedia/commons/f/fd/Nybro_kommunvapen_-_Riksarkivet_Sverige.png
Nykvarn,Nykvarn kommunvapen - Riksarkivet Sverige.png,https://upload.wikimedia.org/wikipedia/commons/1/1d/Nykvarn_kommunvapen_-_Riksarkivet_Sverige.png
Nyköping,Nyköping kommunvapen - Riksarkivet Sverige.png,https://upload.wikimedia.org/wikipedia/commons/6/63/Nyköping_kommunvapen_-_Riksarkivet_Sverige.png
Nynäshamn,Nynäshamn kommunvapen - Riksarkivet Sverige.png,https://upload.wikimedia.org/wikipedia/commons/0/0c/Nynäshamn_kommunvapen_-_Riksarkivet_Sverige.png
Nässjö,Nässjö kommunvapen - Riksarkivet Sverige.png,https://upload.wikimedia.org/wikipedia/commons/e/e2/Nässjö_kommunvapen_-_Riksarkivet_Sverige.png
Ockelbo,Ockelbo kommunvapen - Riksarkivet Sverige.png,https://upload.wikimedia.org/wikipedia/commons/b/bc/Ockelbo_kommunvapen_-_Riksarkivet_Sverige.png
Olofström,Olofström kommunvapen - Riksarkivet Sverige.png,https://upload.wikimedia.org/wikipedia/commons/5/5e/Olofström_kommunvapen_-_Riksarkivet_Sverige.png
Orsa,Orsa kommunvapen - Riksarkivet Sverige.png,https://upload.wikimedia.org/wikipedia/commons/7/79/Orsa_kommunvapen_-_Riksarkivet_Sverige.png
Orust,Orust kommunvapen - Riksarkivet Sverige.png,https://upload.wikimedia.org/wikipedia/commons/f/f3/Orust_kommunvapen_-_Riksarkivet_Sverige.png
Osby,Osby kommunvapen - Riksarkivet Sverige.png,https://upload.wikimedia.org/wikipedia/commons/6/6c/Osby_kommunvapen_-_Riksarkivet_Sverige.png
Oskarshamn,Oskarshamn kommunvapen - Riksarkivet Sverige.png,https://upload.wikimedia.org/wikipedia/commons/8/89/Oskarshamn_kommunvapen_-_Riksarkivet_Sverige.png
Ovanåker,Ovanåker kommunvapen - Riksarkivet Sverige.png,https://upload.wikimedia.org/wikipedia/commons/3/31/Ovanåker_kommunvapen_-_Riksarkivet_Sverige.png
Oxelösund,Oxelösund kommunvapen - Riksarkivet Sverige.png,https://upload.wikimedia.org/wikipedia/commons/c/cf/Oxelösund_kommunvapen_-_Riksarkivet_Sverige.png
Pajala,Pajala kommunvapen - Riksarkivet Sverige.png,https://upload.wikimedia.org/wikipedia/commons/e/e6/Pajala_kommunvapen_-_Riksarkivet_Sverige.png
Partille,Partille kommunvapen - Riksarkivet Sverige.png,https://upload.wikimedia.org/wikipedia/commons/0/0f/Partille_kommunvapen_-_Riksarkivet_Sverige.png
Perstorp,Perstorp kommunvapen - Riksarkivet Sverige.png,https://upload.wikimedia.org/wikipedia/commons/d/d8/Perstorp_kommunvapen_-_Riksarkivet_Sverige.png
Piteå,Piteå kommunvapen - Riksarkivet Sverige.png,https://upload.wikimedia.org/wikipedia/commons/5/55/Piteå_kommunvapen_-_Riksarkivet_Sverige.png
Ragunda,Ragunda kommunvapen - Riksarkivet Sverige.png,https://upload.wikimedia.org/wikipedia/commons/1/1e/Ragunda_kommunvapen_-_Riksarkivet_Sverige.png
Robertsfors,Robertsfors kommunvapen - Riksarkivet Sverige.png,https://upload.wikimedia.org/wikipedia/commons/c/c0/Robertsfors_kommunvapen_-_Riksarkivet_Sverige.png
Ronneby,Ronneby kommunvapen - Riksarkivet Sverige.png,https://upload.wikimedia.org/wikipedia/commons/5/5f/Ronneby_kommunvapen_-_Riksarkivet_Sverige.png
Rättvik,Rättvik kommunvapen - Riksarkivet Sverige.png,https://upload.wikimedia.org/wikipedia/commons/6/61/Rättvik_kommunvapen_-_Riksarkivet_Sverige.png
Sala,Sala kommunvapen - Riksarkivet Sverige.png,https://upload.wikimedia.org/wikipedia/commons/2/2d/Sala_kommunvapen_-_Riksarkivet_Sverige.png
Salem,Salem kommunvapen - Riksarkivet Sverige.png,https://upload.wikimedia.org/wikipedia/commons/b/b9/Salem_kommunvapen_-_Riksarkivet_Sverige.png
Sandviken,Sandviken kommunvapen - Riksarkivet Sverige.png,https://upload.wikimedia.org/wikipedia/commons/e/e4/Sandviken_kommunvapen_-_Riksarkivet_Sverige.png
Sigtuna,Sigtuna kommunvapen - Riksarkivet Sverige.png,https://upload.wikimedia.org/wikipedia/commons/1/16/Sigtuna_kommunvapen_-_Riksarkivet_Sverige.png
Simrishamn,Simrishamn kommunvapen - Riksarkivet Sverige.png,https://upload.wikimedia.org/wikipedia/commons/7/76/Simrishamn_kommunvapen_-_Riksarkivet_Sverige.png
Sjöbo,Sjöbo kommunvapen - Riksarkivet Sverige.png,https://upload.wikimedia.org/wikipedia/commons/2/22/Sjöbo_kommunvapen_-_Riksarkivet_Sverige.png
Skara,Skara kommunvapen - Riksarkivet Sverige.png,https://upload.wikimedia.org/wikipedia/commons/b/b4/Skara_kommunvapen_-_Riksarkivet_Sverige.png
Skellefteå,Skellefteå kommunvapen - Riksarkivet Sverige.png,https://upload.wikimedia.org/wikipedia/commons/a/a9/Skellefteå_kommunvapen_-_Riksarkivet_Sverige.png
Skinnskatteberg,Skinnskatteberg kommunvapen - Riksarkivet Sverige.png,https://upload.wikimedia.org/wikipedia/commons/1/11/Skinnskatteberg_kommunvapen_-_Riksarkivet_Sverige.png
Skurup,Skurup kommunvapen - Riksarkivet Sverige.png,https://upload.wikimedia.org/wikipedia/commons/b/b8/Skurup_kommunvapen_-_Riksarkivet_Sverige.png
Skövde,Skövde kommunvapen - Riksarkivet Sverige.png,https://upload.wikimedia.org/wikipedia/commons/e/e7/Skövde_kommunvapen_-_Riksarkivet_Sverige.png
Smedjebacken,Smedjebacken kommunvapen - Riksarkivet Sverige.png,https://upload.wikimedia.org/wikipedia/commons/2/28/Smedjebacken_kommunvapen_-_Riksarkivet_Sverige.png
Sollefteå,Sollefteå kommunvapen - Riksarkivet Sverige.png,https://upload.wikimedia.org/wikipedia/commons/8/88/Sollefteå_kommunvapen_-_Riksarkivet_Sverige.png
Sollentuna,Sollentuna kommunvapen - Riksarkivet Sverige.png,https://upload.wikimedia.org/wikipedia/commons/e/e5/Sollentuna_kommunvapen_-_Riksarkivet_Sverige.png
Solna,Solna kommunvapen - Riksarkivet Sverige.png,https://upload.wikimedia.org/wikipedia/commons/e/e8/Solna_kommunvapen_-_Riksarkivet_Sverige.png
Sorsele,Sorsele kommunvapen - Riksarkivet Sverige.png,https://upload.wikimedia.org/wikipedia/commons/3/3e/Sorsele_kommunvapen_-_Riksarkivet_Sverige.png
Sotenäs,Sotenäs kommunvapen - Riksarkivet Sverige.png,https://upload.wikimedia.org/wikipedia/commons/f/fc/Sotenäs_kommunvapen_-_Riksarkivet_Sverige.png
Staffanstorp,Staffanstorp kommunvapen - Riksarkivet Sverige.png,https://upload.wikimedia.org/wikipedia/commons/6/64/Staffanstorp_kommunvapen_-_Riksarkivet_Sverige.png
Stenungsund,Stenungsund kommunvapen - Riksarkivet Sverige.png,https://upload.wikimedia.org/wikipedia/commons/e/ee/Stenungsund_kommunvapen_-_Riksarkivet_Sverige.png
Stockholm,Stockholm kommunvapen - Riksarkivet Sverige.png,https://upload.wikimedia.org/wikipedia/commons/9/9d/Stockholm_kommunvapen_-_Riksarkivet_Sverige.png
Storfors,Storfors kommunvapen - Riksarkivet Sverige.png,https://upload.wikimedia.org/wikipedia/commons/0/0b/Storfors_kommunvapen_-_Riksarkivet_Sverige.png
Storuman,Storuman kommunvapen - Riksarkivet Sverige.png,https://upload.wikimedia.org/wikipedia/commons/5/5c/Storuman_kommunvapen_-_Riksarkivet_Sverige.png
Strängnäs,Strängnäs kommunvapen - Riksarkivet Sverige.png,https://upload.wikimedia.org/wikipedia/commons/4/41/Strängnäs_kommunvapen_-_Riksarkivet_Sverige.png
Strömstad,Strömstad kommunvapen - Riksarkivet Sverige.png,https://upload.wikimedia.org/wikipedia/commons/8/82/Strömstad_kommunvapen_-_Riksarkivet_Sverige.png
Strömsund,Strömsund kommunvapen - Riksarkivet Sverige.png,https://upload.wikimedia.org/wikipedia/commons/f/f6/Strömsund_kommunvapen_-_Riksarkivet_Sverige.png
Sundbyberg,Sundbyberg kommunvapen - Riksarkivet Sverige.png,https://upload.wikimedia.org/wikipedia/commons/1/1a/Sundbyberg_kommunvapen_-_Riksarkivet_Sverige.png
Sundsvall,Sundsvall kommunvapen - Riksarkivet Sverige.png,https://upload.wikimedia.org/wikipedia/commons/0/00/Sundsvall_kommunvapen_-_Riksarkivet_Sverige.png
Sunne,Sunne kommunvapen - Riksarkivet Sverige.png,https://upload.wikimedia.org/wikipedia/commons/f/f3/Sunne_kommunvapen_-_Riksarkivet_Sverige.png
Surahammar,Surahammar kommunvapen - Riksarkivet Sverige.png,https://upload.wikimedia.org/wikipedia/commons/6/6f/Surahammar_kommunvapen_-_Riksarkivet_Sverige.png
Svalöv,Svalöv kommunvapen - Riksarkivet Sverige.png,https://upload.wikimedia.org/wikipedia/commons/a/a8/Svalöv_kommunvapen_-_Riksarkivet_Sverige.png
Svedala,Svedala kommunvapen - Riksarkivet Sverige.png,https://upload.wikimedia.org/wikipedia/commons/a/ab/Svedala_kommunvapen_-_Riksarkivet_Sverige.png
Svenljunga,Svenljunga kommunvapen - Riksarkivet Sverige.png,https://upload.wikimedia.org/wikipedia/commons/a/a3/Svenljunga_kommunvapen_-_Riksarkivet_Sverige.png
Säffle,Säffle kommunvapen - Riksarkivet Sverige.png,https://upload.wikimedia.org/wikipedia/commons/7/7f/Säffle_kommunvapen_-_Riksarkivet_Sverige.png
Säter,Säter kommunvapen - Riksarkivet Sverige.png,https://upload.wikimedia.org/wikipedia/commons/8/8a/Säter_kommunvapen_-_Riksarkivet_Sverige.png
Sävsjö,Sävsjö kommunvapen - Riksarkivet Sverige.png,https://upload.wikimedia.org/wikipedia/commons/0/01/Sävsjö_kommunvapen_-_Riksarkivet_Sverige.png
Söderhamn,Söderhamn kommunvapen - Riksarkivet Sverige.png,https://upload.wikimedia.org/wikipedia/commons/6/67/Söderhamn_kommunvapen_-_Riksarkivet_Sverige.png
Söderköping,Söderköping kommunvapen - Riksarkivet Sverige.png,https://upload.wikimedia.org/wikipedia/commons/f/f3/Söderköping_kommunvapen_-_Riksarkivet_Sverige.png
Södertälje,Södertälje kommunvapen - Riksarkivet Sverige.png,https://upload.wikimedia.org/wikipedia/commons/9/98/Södertälje_kommunvapen_-_Riksarkivet_Sverige.png
Sölvesborg,Sölvesborg kommunvapen - Riksarkivet Sverige.png,https://upload.wikimedia.org/wikipedia/commons/3/37/Sölvesborg_kommunvapen_-_Riksarkivet_Sverige.png
Tanum,Tanum kommunvapen - Riksarkivet Sverige.png,https://upload.wikimedia.org/wikipedia/commons/5/50/Tanum_kommunvapen_-_Riksarkivet_Sverige.png
Tibro,Tibro kommunvapen - Riksarkivet Sverige.png,https://upload.wikimedia.org/wikipedia/commons/a/ae/Tibro_kommunvapen_-_Riksarkivet_Sverige.png
Tidaholm,Tidaholm kommunvapen - Riksarkivet Sverige.png,https://upload.wikimedia.org/wikipedia/commons/f/f2/Tidaholm_kommunvapen_-_Riksarkivet_Sverige.png
Tierp,Tierp kommunvapen - Riksarkivet Sverige.png,https://upload.wikimedia.org/wikipedia/commons/b/bd/Tierp_kommunvapen_-_Riksarkivet_Sverige.png
Timrå,Timrå kommunvapen - Riksarkivet Sverige.png,https://upload.wikimedia.org/wikipedia/commons/3/39/Timrå_kommunvapen_-_Riksarkivet_Sverige.png
Tingsryd,Tingsryd kommunvapen - Riksarkivet Sverige.png,https://upload.wikimedia.org/wikipedia/commons/f/f4/Tingsryd_kommunvapen_-_Riksarkivet_Sverige.png
Tjörn,Tjörn kommunvapen - Riksarkivet Sverige.png,https://upload.wikimedia.org/wikipedia/commons/8/87/Tjörn_kommunvapen_-_Riksarkivet_Sverige.png
Tomelilla,Tomelilla kommunvapen - Riksarkivet Sverige.png,https://upload.wikimedia.org/wikipedia/commons/2/2b/Tomelilla_kommunvapen_-_Riksarkivet_Sverige.png
Torsby,Torsby kommunvapen - Riksarkivet Sverige.png,https://upload.wikimedia.org/wikipedia/commons/c/ce/Torsby_kommunvapen_-_Riksarkivet_Sverige.png
Torsås,Torsås kommunvapen - Riksarkivet Sverige.png,https://upload.wikimedia.org/wikipedia/commons/d/d8/Torsås_kommunvapen_-_Riksarkivet_Sverige.png
Tranemo,Tranemo kommunvapen - Riksarkivet Sverige.png,https://upload.wikimedia.org/wikipedia/commons/9/9f/Tranemo_kommunvapen_-_Riksarkivet_Sverige.png
Tranås,Tranås kommunvapen - Riksarkivet Sverige.png,https://upload.wikimedia.org/wikipedia/commons/4/40/Tranås_kommunvapen_-_Riksarkivet_Sverige.png
Trelleborg,Trelleborg kommunvapen - Riksarkivet Sverige.png,https://upload.wikimedia.org/wikipedia/commons/0/04/Trelleborg_kommunvapen_-_Riksarkivet_Sverige.png
Trollhättan,Trollhättan kommunvapen - Riksarkivet Sverige.png,https://upload.wikimedia.org/wikipedia/commons/f/fa/Trollhättan_kommunvapen_-_Riksarkivet_Sverige.png
Trosa,Trosa kommunvapen - Riksarkivet Sverige.png,https://upload.wikimedia.org/wikipedia/commons/e/e0/Trosa_kommunvapen_-_Riksarkivet_Sverige.png
Tyresö,Tyresö kommunvapen - Riksarkivet Sverige.png,https://upload.wikimedia.org/wikipedia/commons/e/e9/Tyresö_kommunvapen_-_Riksarkivet_Sverige.png
Täby,Täby kommunvapen - Riksarkivet Sverige.png,https://upload.wikimedia.org/wikipedia/commons/b/b5/Täby_kommunvapen_-_Riksarkivet_Sverige.png
Töreboda,Töreboda kommunvapen - Riksarkivet Sverige.png,https://upload.wikimedia.org/wikipedia/commons/1/16/Töreboda_kommunvapen_-_Riksarkivet_Sverige.png
Uddevalla,Uddevalla kommunvapen - Riksarkivet Sverige.png,https://upload.wikimedia.org/wikipedia/commons/a/af/Uddevalla_kommunvapen_-_Riksarkivet_Sverige.png
Ulricehamn,Ulricehamn kommunvapen - Riksarkivet Sverige.png,https://upload.wikimedia.org/wikipedia/commons/3/33/Ulricehamn_kommunvapen_-_Riksarkivet_Sverige.png
Umeå,Umeå kommunvapen - Riksarkivet Sverige.png,https://upload.wikimedia.org/wikipedia/commons/9/96/Umeå_kommunvapen_-_Riksarkivet_Sverige.png
Upplands Väsby,Upplands Väsby kommunvapen - Riksarkivet Sverige.png,https://upload.wikimedia.org/wikipedia/commons/d/d8/Upplands_Väsby_kommunvapen_-_Riksarkivet_Sverige.png
Upplands-Bro,Upplands-Bro kommunvapen - Riksarkivet Sverige.png,https://upload.wikimedia.org/wikipedia/commons/f/f3/Upplands-Bro_kommunvapen_-_Riksarkivet_Sverige.png
Uppsala,Uppsala kommunvapen - Riksarkivet Sverige.png,https://upload.wikimedia.org/wikipedia/commons/8/8b/Uppsala_kommunvapen_-_Riksarkivet_Sverige.png
Uppvidinge,Uppvidinge kommunvapen - Riksarkivet Sverige.png,https://upload.wikimedia.org/wikipedia/commons/a/a6/Uppvidinge_kommunvapen_-_Riksarkivet_Sverige.png
Vadstena,Vadstena kommunvapen - Riksarkivet Sverige.png,https://upload.wikimedia.org/wikipedia/commons/5/57/Vadstena_kommunvapen_-_Riksarkivet_Sverige.png
Vaggeryd,Vaggeryd kommunvapen - Riksarkivet Sverige.png,https://upload.wikimedia.org/wikipedia/commons/c/cf/Vaggeryd_kommunvapen_-_Riksarkivet_Sverige.png
Valdemarsvik,Valdemarsvik kommunvapen - Riksarkivet Sverige.png,https://upload.wikimedia.org/wikipedia/commons/3/37/Valdemarsvik_kommunvapen_-_Riksarkivet_Sverige.png
Vallentuna,Vallentuna kommunvapen - Riksarkivet Sverige.png,https://upload.wikimedia.org/wikipedia/commons/8/85/Vallentuna_kommunvapen_-_Riksarkivet_Sverige.png
Vansbro,Vansbro kommunvapen - Riksarkivet Sverige.png,https://upload.wikimedia.org/wikipedia/commons/d/dc/Vansbro_kommunvapen_-_Riksarkivet_Sverige.png
Vara,Vara kommunvapen - Riksarkivet Sverige.png,https://upload.wikimedia.org/wikipedia/commons/2/21/Vara_kommunvapen_-_Riksarkivet_Sverige.png
Varberg,Varberg kommunvapen - Riksarkivet Sverige.png,https://upload.wikimedia.org/wikipedia/commons/1/1b/Varberg_kommunvapen_-_Riksarkivet_Sverige.png
Vaxholm,Vaxholm kommunvapen - Riksarkivet Sverige.png,https://upload.wikimedia.org/wikipedia/commons/5/5e/Vaxholm_kommunvapen_-_Riksarkivet_Sverige.png
Vellinge,Vellinge kommunvapen - Riksarkivet Sverige.png,https://upload.wikimedia.org/wikipedia/commons/e/ea/Vellinge_kommunvapen_-_Riksarkivet_Sverige.png
Vetlanda,Vetlanda kommunvapen - Riksarkivet Sverige.png,https://upload.wikimedia.org/wikipedia/commons/f/f4/Vetlanda_kommunvapen_-_Riksarkivet_Sverige.png
Vilhelmina,Vilhelmina kommunvapen - Riksarkivet Sverige.png,https://upload.wikimedia.org/wikipedia/commons/b/b2/Vilhelmina_kommunvapen_-_Riksarkivet_Sverige.png
Vimmerby,Vimmerby kommunvapen - Riksarkivet Sverige.png,https://upload.wikimedia.org/wikipedia/commons/3/36/Vimmerby_kommunvapen_-_Riksarkivet_Sverige.png
Vindeln,Vindeln kommunvapen - Riksarkivet Sverige.png,https://upload.wikimedia.org/wikipedia/commons/5/59/Vindeln_kommunvapen_-_Riksarkivet_Sverige.png
Vingåker,Vingåker kommunvapen - Riksarkivet Sverige.png,https://upload.wikimedia.org/wikipedia/commons/f/f4/Vingåker_kommunvapen_-_Riksarkivet_Sverige.png
Vänersborg,Vänersborg kommunvapen - Riksarkivet Sverige.png,https://upload.wikimedia.org/wikipedia/commons/1/1d/Vänersborg_kommunvapen_-_Riksarkivet_Sverige.png
Vännäs,Vännäs kommunvapen - Riksarkivet Sverige.png,https://upload.wikimedia.org/wikipedia/commons/3/37/Vännäs_kommunvapen_-_Riksarkivet_Sverige.png
Värmdö,Värmdö kommunvapen - Riksarkivet Sverige.png,https://upload.wikimedia.org/wikipedia/commons/e/ea/Värmdö_kommunvapen_-_Riksarkivet_Sverige.png
Värnamo,Värnamo kommunvapen - Riksarkivet Sverige.png,https://upload.wikimedia.org/wikipedia/commons/1/1c/Värnamo_kommunvapen_-_Riksarkivet_Sverige.png
Västervik,Västervik kommunvapen - Riksarkivet Sverige.png,https://upload.wikimedia.org/wikipedia/commons/c/cc/Västervik_kommunvapen_-_Riksarkivet_Sverige.png
Västerås,Västerås kommunvapen - Riksarkivet Sverige.png,https://upload.wikimedia.org/wikipedia/commons/a/ad/Västerås_kommunvapen_-_Riksarkivet_Sverige.png
Växjö,Växjö kommunvapen - Riksarkivet Sverige.png,https://upload.wikimedia.org/wikipedia/commons/d/d2/Växjö_kommunvapen_-_Riksarkivet_Sverige.png
Vårgårda,Vårgårda kommunvapen - Riksarkivet Sverige.png,https://upload.wikimedia.org/wikipedia/commons/f/f0/Vårgårda_kommunvapen_-_Riksarkivet_Sverige.png
Ydre,Ydre kommunvapen - Riksarkivet Sverige.png,https://upload.wikimedia.org/wikipedia/commons/0/0f/Ydre_kommunvapen_-_Riksarkivet_Sverige.png
Ystad,Ystad kommunvapen - Riksarkivet Sverige.png,https://upload.wikimedia.org/wikipedia/commons/7/76/Ystad_kommunvapen_-_Riksarkivet_Sverige.png
Älmhult,Älmhult kommunvapen - Riksarkivet Sverige.png,https://upload.wikimedia.org/wikipedia/commons/8/8f/Älmhult_kommunvapen_-_Riksarkivet_Sverige.png
Älvdalen,Älvdalen kommunvapen - Riksarkivet Sverige.png,https://upload.wikimedia.org/wikipedia/commons/5/54/Älvdalen_kommunvapen_-_Riksarkivet_Sverige.png
Älvkarleby,Älvkarleby kommunvapen - Riksarkivet Sverige.png,https://upload.wikimedia.org/wikipedia/commons/3/3f/Älvkarleby_kommunvapen_-_Riksarkivet_Sverige.png
Älvsbyn,Älvsbyn kommunvapen - Riksarkivet Sverige.png,https://upload.wikimedia.org/wikipedia/commons/8/88/Älvsbyn_kommunvapen_-_Riksarkivet_Sverige.png
Ängelholm,Ängelholm kommunvapen - Riksarkivet Sverige.png,https://upload.wikimedia.org/wikipedia/commons/3/3e/Ängelholm_kommunvapen_-_Riksarkivet_Sverige.png
Åmål,Åmål kommunvapen - Riksarkivet Sverige.png,https://upload.wikimedia.org/wikipedia/commons/5/50/Åmål_kommunvapen_-_Riksarkivet_Sverige.png
Ånge,Ånge kommunvapen - Riksarkivet Sverige.png,https://upload.wikimedia.org/wikipedia/commons/a/a3/Ånge_kommunvapen_-_Riksarkivet_Sverige.png
Åre,Åre kommunvapen - Riksarkivet Sverige.png,https://upload.wikimedia.org/wikipedia/commons/3/32/Åre_kommunvapen_-_Riksarkivet_Sverige.png
Årjäng,Årjäng kommunvapen - Riksarkivet Sverige.png,https://upload.wikimedia.org/wikipedia/commons/1/16/Årjäng_kommunvapen_-_Riksarkivet_Sverige.png
Åsele,Åsele kommunvapen - Riksarkivet Sverige.png,https://upload.wikimedia.org/wikipedia/commons/d/d7/Åsele_kommunvapen_-_Riksarkivet_Sverige.png
Åstorp,Åstorp kommunvapen - Riksarkivet Sverige.png,https://upload.wikimedia.org/wikipedia/commons/1/19/Åstorp_kommunvapen_-_Riksarkivet_Sverige.png
Åtvidaberg,Åtvidaberg kommunvapen - Riksarkivet Sverige.png,https://upload.wikimedia.org/wikipedia/commons/c/ce/Åtvidaberg_kommunvapen_-_Riksarkivet_Sverige.png
Öckerö,Öckerö kommunvapen - Riksarkivet Sverige.png,https://upload.wikimedia.org/wikipedia/commons/1/1e/Öckerö_kommunvapen_-_Riksarkivet_Sverige.png
Ödeshög,Ödeshög kommunvapen - Riksarkivet Sverige.png,https://upload.wikimedia.org/wikipedia/commons/d/d9/Ödeshög_kommunvapen_-_Riksarkivet_Sverige.png
Örebro,Örebro kommunvapen - Riksarkivet Sverige.png,https://upload.wikimedia.org/wikipedia/commons/e/e1/Örebro_kommunvapen_-_Riksarkivet_Sverige.png
Örkelljunga,Örkelljunga kommunvapen - Riksarkivet Sverige.png,https://upload.wikimedia.org/wikipedia/commons/4/4e/Örkelljunga_kommunvapen_-_Riksarkivet_Sverige.png
Örnsköldsvik,Örnsköldsvik kommunvapen - Riksarkivet Sverige.png,https://upload.wikimedia.org/wikipedia/commons/b/bd/Örnsköldsvik_kommunvapen_-_Riksarkivet_Sverige.png
Östersund,Östersund kommunvapen - Riksarkivet Sverige.png,https://upload.wikimedia.org/wikipedia/commons/8/8f/Östersund_kommunvapen_-_Riksarkivet_Sverige.png
Österåker,Österåker kommunvapen - Riksarkivet Sverige.png,https://upload.wikimedia.org/wikipedia/commons/8/8e/Österåker_kommunvapen_-_Riksarkivet_Sverige.png
Östhammar,Östhammar kommunvapen - Riksarkivet Sverige.png,https://upload.wikimedia.org/wikipedia/commons/d/d0/Östhammar_kommunvapen_-_Riksarkivet_Sverige.png
Östra Göinge,Östra Göinge kommunvapen - Riksarkivet Sverige.png,https://upload.wikimedia.org/wikipedia/commons/9/95/Östra_Göinge_kommunvapen_-_Riksarkivet_Sverige.png
Överkalix,Överkalix kommunvapen - Riksarkivet Sverige.png,https://upload.wikimedia.org/wikipedia/commons/7/72/Överkalix_kommunvapen_-_Riksarkivet_Sverige.png
Övertorneå,Övertorneå kommunvapen - Riksarkivet Sverige.png,https://upload.wikimedia.org/wikipedia/commons/7/78/Övertorneå_kommunvapen_-_Riksarkivet_Sverige.png
